move_number,move_uci,player_name,time_taken_ms,centipawn_score,board_fen
1,c2c3,LLAMA-CHESS,67.63469999714289,18,rnbqkbnr/pppppppp/8/8/8/2P5/PP1PPPPP/RNBQKBNR b KQkq - 0 1
2,e7e6,RANDOM,0.058999998145736754,25,rnbqkbnr/pppp1ppp/4p3/8/8/2P5/PP1PPPPP/RNBQKBNR w KQkq - 0 2
2,c3c4,LLAMA-CHESS,43.68240000621881,-21,rnbqkbnr/pppp1ppp/4p3/8/2P5/8/PP1PPPPP/RNBQKBNR b KQkq - 0 2
3,f8e7,RANDOM,0.06590000702999532,-10,rnbqk1nr/ppppbppp/4p3/8/2P5/8/PP1PPPPP/RNBQKBNR w KQkq - 1 3
3,c4c5,LLAMA-CHESS,12640.511200006586,-128,rnbqk1nr/ppppbppp/4p3/2P5/8/8/PP1PPPPP/RNBQKBNR b KQkq - 0 3
4,b7b5,RANDOM,0.06430000939872116,-6,rnbqk1nr/p1ppbppp/4p3/1pP5/8/8/PP1PPPPP/RNBQKBNR w KQkq b6 0 4
4,c5c6,LLAMA-CHESS,781.2430999911157,-180,rnbqk1nr/p1ppbppp/2P1p3/1p6/8/8/PP1PPPPP/RNBQKBNR b KQkq - 0 4
5,a7a5,RANDOM,0.06590000702999532,-87,rnbqk1nr/2ppbppp/2P1p3/pp6/8/8/PP1PPPPP/RNBQKBNR w KQkq - 0 5
5,c6d7,LLAMA-CHESS,965.2811999985715,-85,rnbqk1nr/2pPbppp/4p3/pp6/8/8/PP1PPPPP/RNBQKBNR b KQkq - 0 5
6,c8d7,RANDOM,0.049700000090524554,-47,rn1qk1nr/2pbbppp/4p3/pp6/8/8/PP1PPPPP/RNBQKBNR w KQkq - 0 6
6,a2a3,LLAMA-CHESS,1020.256400006474,-74,rn1qk1nr/2pbbppp/4p3/pp6/8/P7/1P1PPPPP/RNBQKBNR b KQkq - 0 6
7,h7h6,RANDOM,0.06839999696239829,-50,rn1qk1nr/2pbbpp1/4p2p/pp6/8/P7/1P1PPPPP/RNBQKBNR w KQkq - 0 7
7,a1a2,LLAMA-CHESS,1022.0047000038903,-121,rn1qk1nr/2pbbpp1/4p2p/pp6/8/P7/RP1PPPPP/1NBQKBNR b Kkq - 1 7
8,h8h7,RANDOM,0.06489999941550195,26,rn1qk1n1/2pbbppr/4p2p/pp6/8/P7/RP1PPPPP/1NBQKBNR w Kq - 2 8
8,a2a1,LLAMA-CHESS,1044.405900000129,-10,rn1qk1n1/2pbbppr/4p2p/pp6/8/P7/1P1PPPPP/RNBQKBNR b Kq - 3 8
9,f7f5,RANDOM,0.06510000093840063,81,rn1qk1n1/2pbb1pr/4p2p/pp3p2/8/P7/1P1PPPPP/RNBQKBNR w Kq - 0 9
9,a1a2,LLAMA-CHESS,1115.5980000039563,-70,rn1qk1n1/2pbb1pr/4p2p/pp3p2/8/P7/RP1PPPPP/1NBQKBNR b Kq - 1 9
10,e7c5,RANDOM,0.08739999611862004,59,rn1qk1n1/2pb2pr/4p2p/ppb2p2/8/P7/RP1PPPPP/1NBQKBNR w Kq - 2 10
10,a2a1,LLAMA-CHESS,1113.3467000036035,22,rn1qk1n1/2pb2pr/4p2p/ppb2p2/8/P7/1P1PPPPP/RNBQKBNR b Kq - 3 10
11,d8h4,RANDOM,0.08199999865610152,95,rn2k1n1/2pb2pr/4p2p/ppb2p2/7q/P7/1P1PPPPP/RNBQKBNR w Kq - 4 11
11,a1a2,LLAMA-CHESS,1071.6898999962723,-9999,rn2k1n1/2pb2pr/4p2p/ppb2p2/7q/P7/RP1PPPPP/1NBQKBNR b Kq - 5 11
12,h4d4,RANDOM,0.0864000030560419,63,rn2k1n1/2pb2pr/4p2p/ppb2p2/3q4/P7/RP1PPPPP/1NBQKBNR w Kq - 6 12
12,a2a1,LLAMA-CHESS,992.8672000096412,-9999,rn2k1n1/2pb2pr/4p2p/ppb2p2/3q4/P7/1P1PPPPP/RNBQKBNR b Kq - 7 12
13,h7h8,RANDOM,0.08600000001024455,68,rn2k1nr/2pb2p1/4p2p/ppb2p2/3q4/P7/1P1PPPPP/RNBQKBNR w Kq - 8 13
13,a1a2,LLAMA-CHESS,1026.398900008644,-9999,rn2k1nr/2pb2p1/4p2p/ppb2p2/3q4/P7/RP1PPPPP/1NBQKBNR b Kq - 9 13
14,c5f8,RANDOM,0.08690000686328858,36,rn2kbnr/2pb2p1/4p2p/pp3p2/3q4/P7/RP1PPPPP/1NBQKBNR w Kq - 10 14
14,a2a1,LLAMA-CHESS,1027.2746000118786,-15,rn2kbnr/2pb2p1/4p2p/pp3p2/3q4/P7/1P1PPPPP/RNBQKBNR b Kq - 11 14
15,d4d3,RANDOM,0.08269998943433166,648,rn2kbnr/2pb2p1/4p2p/pp3p2/8/P2q4/1P1PPPPP/RNBQKBNR w Kq - 12 15
15,a1a2,LLAMA-CHESS,1014.9435000057565,-574,rn2kbnr/2pb2p1/4p2p/pp3p2/8/P2q4/RP1PPPPP/1NBQKBNR b Kq - 13 15
16,d3d2,RANDOM,0.08070000330917537,618,rn2kbnr/2pb2p1/4p2p/pp3p2/8/P7/RP1qPPPP/1NBQKBNR w Kq - 0 16
16,c1d2,LLAMA-CHESS,889.2180999973789,631,rn2kbnr/2pb2p1/4p2p/pp3p2/8/P7/RP1BPPPP/1N1QKBNR b Kq - 0 16
17,f8c5,RANDOM,0.06439999560825527,680,rn2k1nr/2pb2p1/4p2p/ppb2p2/8/P7/RP1BPPPP/1N1QKBNR w Kq - 1 17
17,a2a1,LLAMA-CHESS,1148.0373999947915,630,rn2k1nr/2pb2p1/4p2p/ppb2p2/8/P7/1P1BPPPP/RN1QKBNR b Kq - 2 17
18,f5f4,RANDOM,0.07110000296961516,680,rn2k1nr/2pb2p1/4p2p/ppb5/5p2/P7/1P1BPPPP/RN1QKBNR w Kq - 0 18
18,a1a2,LLAMA-CHESS,1056.6240000043763,585,rn2k1nr/2pb2p1/4p2p/ppb5/5p2/P7/RP1BPPPP/1N1QKBNR b Kq - 1 18
19,c5f2,RANDOM,0.0703999976394698,682,rn2k1nr/2pb2p1/4p2p/pp6/5p2/P7/RP1BPbPP/1N1QKBNR w Kq - 0 19
19,e1f2,LLAMA-CHESS,947.3390999919502,664,rn2k1nr/2pb2p1/4p2p/pp6/5p2/P7/RP1BPKPP/1N1Q1BNR b q - 0 19
20,e8d8,RANDOM,0.06359998951666057,759,rn1k2nr/2pb2p1/4p2p/pp6/5p2/P7/RP1BPKPP/1N1Q1BNR w - - 1 20
20,a2a1,LLAMA-CHESS,1122.5998000008985,721,rn1k2nr/2pb2p1/4p2p/pp6/5p2/P7/1P1BPKPP/RN1Q1BNR b - - 2 20
21,e6e5,RANDOM,0.07150000601541251,719,rn1k2nr/2pb2p1/7p/pp2p3/5p2/P7/1P1BPKPP/RN1Q1BNR w - - 0 21
21,a1a2,LLAMA-CHESS,1112.6970999903278,672,rn1k2nr/2pb2p1/7p/pp2p3/5p2/P7/RP1BPKPP/1N1Q1BNR b - - 1 21
22,a8a7,RANDOM,0.06289999873843044,736,1n1k2nr/r1pb2p1/7p/pp2p3/5p2/P7/RP1BPKPP/1N1Q1BNR w - - 2 22
22,a2a1,LLAMA-CHESS,1181.5777000010712,705,1n1k2nr/r1pb2p1/7p/pp2p3/5p2/P7/1P1BPKPP/RN1Q1BNR b - - 3 22
23,b8a6,RANDOM,0.06219999340828508,739,3k2nr/r1pb2p1/n6p/pp2p3/5p2/P7/1P1BPKPP/RN1Q1BNR w - - 4 23
23,a1a2,LLAMA-CHESS,1155.1355999981752,679,3k2nr/r1pb2p1/n6p/pp2p3/5p2/P7/RP1BPKPP/1N1Q1BNR b - - 5 23
24,g7g5,RANDOM,0.0627999979769811,708,3k2nr/r1pb4/n6p/pp2p1p1/5p2/P7/RP1BPKPP/1N1Q1BNR w - - 0 24
24,a2a1,LLAMA-CHESS,1123.7904000008712,667,3k2nr/r1pb4/n6p/pp2p1p1/5p2/P7/1P1BPKPP/RN1Q1BNR b - - 1 24
25,d7e8,RANDOM,0.060399994254112244,831,3kb1nr/r1p5/n6p/pp2p1p1/5p2/P7/1P1BPKPP/RN1Q1BNR w - - 2 25
25,a1a2,LLAMA-CHESS,1147.5631999928737,660,3kb1nr/r1p5/n6p/pp2p1p1/5p2/P7/RP1BPKPP/1N1Q1BNR b - - 3 25
26,a6b8,RANDOM,0.06029999349266291,760,1n1kb1nr/r1p5/7p/pp2p1p1/5p2/P7/RP1BPKPP/1N1Q1BNR w - - 4 26
26,a2a1,LLAMA-CHESS,1147.1889999957057,667,1n1kb1nr/r1p5/7p/pp2p1p1/5p2/P7/1P1BPKPP/RN1Q1BNR b - - 5 26
27,e8f7,RANDOM,0.062099992646835744,792,1n1k2nr/r1p2b2/7p/pp2p1p1/5p2/P7/1P1BPKPP/RN1Q1BNR w - - 6 27
27,a1a2,LLAMA-CHESS,1113.4971999999834,569,1n1k2nr/r1p2b2/7p/pp2p1p1/5p2/P7/RP1BPKPP/1N1Q1BNR b - - 7 27
28,b8a6,RANDOM,0.06620000931434333,742,3k2nr/r1p2b2/n6p/pp2p1p1/5p2/P7/RP1BPKPP/1N1Q1BNR w - - 8 28
28,a2a1,LLAMA-CHESS,1339.500499991118,656,3k2nr/r1p2b2/n6p/pp2p1p1/5p2/P7/1P1BPKPP/RN1Q1BNR b - - 9 28
29,f7g6,RANDOM,0.06570000550709665,754,3k2nr/r1p5/n5bp/pp2p1p1/5p2/P7/1P1BPKPP/RN1Q1BNR w - - 10 29
29,a1a2,LLAMA-CHESS,1113.7868000078015,642,3k2nr/r1p5/n5bp/pp2p1p1/5p2/P7/RP1BPKPP/1N1Q1BNR b - - 11 29
30,a5a4,RANDOM,0.06880000000819564,695,3k2nr/r1p5/n5bp/1p2p1p1/p4p2/P7/RP1BPKPP/1N1Q1BNR w - - 0 30
30,a2a1,LLAMA-CHESS,1139.4728000013856,600,3k2nr/r1p5/n5bp/1p2p1p1/p4p2/P7/1P1BPKPP/RN1Q1BNR b - - 1 30
31,g6c2,RANDOM,0.0796000094851479,784,3k2nr/r1p5/n6p/1p2p1p1/p4p2/P7/1PbBPKPP/RN1Q1BNR w - - 2 31
31,a1a2,LLAMA-CHESS,1046.291199992993,174,3k2nr/r1p5/n6p/1p2p1p1/p4p2/P7/RPbBPKPP/1N1Q1BNR b - - 3 31
32,g8f6,RANDOM,0.06859999848529696,733,3k3r/r1p5/n4n1p/1p2p1p1/p4p2/P7/RPbBPKPP/1N1Q1BNR w - - 4 32
32,a2a1,LLAMA-CHESS,1130.2830000058748,183,3k3r/r1p5/n4n1p/1p2p1p1/p4p2/P7/1PbBPKPP/RN1Q1BNR b - - 5 32
33,c2d1,RANDOM,0.07600001117680222,190,3k3r/r1p5/n4n1p/1p2p1p1/p4p2/P7/1P1BPKPP/RN1b1BNR w - - 0 33
33,a1a2,LLAMA-CHESS,1020.6114000029629,-145,3k3r/r1p5/n4n1p/1p2p1p1/p4p2/P7/RP1BPKPP/1N1b1BNR b - - 1 33
34,d8e7,RANDOM,0.06800000846851617,-16,7r/r1p1k3/n4n1p/1p2p1p1/p4p2/P7/RP1BPKPP/1N1b1BNR w - - 2 34
34,a2a1,LLAMA-CHESS,1114.0568999981042,3,7r/r1p1k3/n4n1p/1p2p1p1/p4p2/P7/1P1BPKPP/RN1b1BNR b - - 3 34
35,c7c6,RANDOM,0.07930000720079988,65,7r/r3k3/n1p2n1p/1p2p1p1/p4p2/P7/1P1BPKPP/RN1b1BNR w - - 0 35
35,a1a2,LLAMA-CHESS,1063.7248999992153,-284,7r/r3k3/n1p2n1p/1p2p1p1/p4p2/P7/RP1BPKPP/1N1b1BNR b - - 1 35
36,c6c5,RANDOM,0.0822000001790002,-98,7r/r3k3/n4n1p/1pp1p1p1/p4p2/P7/RP1BPKPP/1N1b1BNR w - - 0 36
36,a2a1,LLAMA-CHESS,1088.6712000065017,-96,7r/r3k3/n4n1p/1pp1p1p1/p4p2/P7/1P1BPKPP/RN1b1BNR b - - 1 36
37,f6e4,RANDOM,0.07779999577905983,8,7r/r3k3/n6p/1pp1p1p1/p3np2/P7/1P1BPKPP/RN1b1BNR w - - 2 37
37,f2f3,LLAMA-CHESS,1262.5677999894833,-235,7r/r3k3/n6p/1pp1p1p1/p3np2/P4K2/1P1BP1PP/RN1b1BNR b - - 3 37
38,h8c8,RANDOM,0.08040000102482736,129,2r5/r3k3/n6p/1pp1p1p1/p3np2/P4K2/1P1BP1PP/RN1b1BNR w - - 4 38
38,a1a2,LLAMA-CHESS,1111.8781999975909,-403,2r5/r3k3/n6p/1pp1p1p1/p3np2/P4K2/RP1BP1PP/1N1b1BNR b - - 5 38
39,a7a8,RANDOM,0.07680000271648169,-137,r1r5/4k3/n6p/1pp1p1p1/p3np2/P4K2/RP1BP1PP/1N1b1BNR w - - 6 39
39,a2a1,LLAMA-CHESS,1055.200300004799,-234,r1r5/4k3/n6p/1pp1p1p1/p3np2/P4K2/1P1BP1PP/RN1b1BNR b - - 7 39
40,e4g3,RANDOM,0.07500000356230885,354,r1r5/4k3/n6p/1pp1p1p1/p4p2/P4Kn1/1P1BP1PP/RN1b1BNR w - - 8 40
40,a1a2,LLAMA-CHESS,1021.699200005969,-534,r1r5/4k3/n6p/1pp1p1p1/p4p2/P4Kn1/RP1BP1PP/1N1b1BNR b - - 9 40
41,g3h5,RANDOM,0.07759999425616115,-157,r1r5/4k3/n6p/1pp1p1pn/p4p2/P4K2/RP1BP1PP/1N1b1BNR w - - 10 41
41,a2a1,LLAMA-CHESS,1071.0886999877403,-152,r1r5/4k3/n6p/1pp1p1pn/p4p2/P4K2/1P1BP1PP/RN1b1BNR b - - 11 41
42,c8e8,RANDOM,0.0737000082153827,4,r3r3/4k3/n6p/1pp1p1pn/p4p2/P4K2/1P1BP1PP/RN1b1BNR w - - 12 42
42,a1a2,LLAMA-CHESS,1129.4533000036608,-311,r3r3/4k3/n6p/1pp1p1pn/p4p2/P4K2/RP1BP1PP/1N1b1BNR b - - 13 42
43,e8d8,RANDOM,0.07229999755509198,-299,r2r4/4k3/n6p/1pp1p1pn/p4p2/P4K2/RP1BP1PP/1N1b1BNR w - - 14 43
43,a2a1,LLAMA-CHESS,1069.623799994588,-296,r2r4/4k3/n6p/1pp1p1pn/p4p2/P4K2/1P1BP1PP/RN1b1BNR b - - 15 43
44,d8d2,RANDOM,0.07229999755509198,140,r7/4k3/n6p/1pp1p1pn/p4p2/P4K2/1P1rP1PP/RN1b1BNR w - - 0 44
44,a1a2,LLAMA-CHESS,1045.8002000086708,-613,r7/4k3/n6p/1pp1p1pn/p4p2/P4K2/RP1rP1PP/1N1b1BNR b - - 1 44
45,a8c8,RANDOM,0.08009999874047935,-173,2r5/4k3/n6p/1pp1p1pn/p4p2/P4K2/RP1rP1PP/1N1b1BNR w - - 2 45
45,a2a1,LLAMA-CHESS,1011.7622999969171,-580,2r5/4k3/n6p/1pp1p1pn/p4p2/P4K2/1P1rP1PP/RN1b1BNR b - - 3 45
46,d2b2,RANDOM,0.08019999950192869,-564,2r5/4k3/n6p/1pp1p1pn/p4p2/P4K2/1r2P1PP/RN1b1BNR w - - 0 46
46,f3g4,LLAMA-CHESS,1078.9877000061097,-718,2r5/4k3/n6p/1pp1p1pn/p4pK1/P7/1r2P1PP/RN1b1BNR b - - 1 46
47,c8b8,RANDOM,0.08159999561030418,-291,1r6/4k3/n6p/1pp1p1pn/p4pK1/P7/1r2P1PP/RN1b1BNR w - - 2 47
47,a1a2,LLAMA-CHESS,1012.8725000104168,-874,1r6/4k3/n6p/1pp1p1pn/p4pK1/P7/Rr2P1PP/1N1b1BNR b - - 3 47
48,b2b1,RANDOM,0.07999999797903001,-695,1r6/4k3/n6p/1pp1p1pn/p4pK1/P7/R3P1PP/1r1b1BNR w - - 0 48
48,a2a1,LLAMA-CHESS,954.8844999953872,-984,1r6/4k3/n6p/1pp1p1pn/p4pK1/P7/4P1PP/Rr1b1BNR b - - 1 48
49,f4f3,RANDOM,0.0771999912103638,-351,1r6/4k3/n6p/1pp1p1pn/p5K1/P4p2/4P1PP/Rr1b1BNR w - - 0 49
49,a1a2,LLAMA-CHESS,1029.4583000068087,-864,1r6/4k3/n6p/1pp1p1pn/p5K1/P4p2/R3P1PP/1r1b1BNR b - - 1 49
50,b8b6,RANDOM,0.07650000043213367,-678,8/4k3/nr5p/1pp1p1pn/p5K1/P4p2/R3P1PP/1r1b1BNR w - - 2 50
50,a2a1,LLAMA-CHESS,1088.6736999964342,-922,8/4k3/nr5p/1pp1p1pn/p5K1/P4p2/4P1PP/Rr1b1BNR b - - 3 50
51,b6e6,RANDOM,0.07690000347793102,-354,8/4k3/n3r2p/1pp1p1pn/p5K1/P4p2/4P1PP/Rr1b1BNR w - - 4 51
51,a1a2,LLAMA-CHESS,996.8099000107031,-841,8/4k3/n3r2p/1pp1p1pn/p5K1/P4p2/R3P1PP/1r1b1BNR b - - 5 51
52,c5c4,RANDOM,0.07149999146349728,-668,8/4k3/n3r2p/1p2p1pn/p1p3K1/P4p2/R3P1PP/1r1b1BNR w - - 0 52
52,a2a1,LLAMA-CHESS,1079.9463000003016,-936,8/4k3/n3r2p/1p2p1pn/p1p3K1/P4p2/4P1PP/Rr1b1BNR b - - 1 52
53,a6b4,RANDOM,0.07439999899361283,-405,8/4k3/4r2p/1p2p1pn/pnp3K1/P4p2/4P1PP/Rr1b1BNR w - - 2 53
53,a1a2,LLAMA-CHESS,1096.427099997527,-970,8/4k3/4r2p/1p2p1pn/pnp3K1/P4p2/R3P1PP/1r1b1BNR b - - 3 53
54,e7f7,RANDOM,0.07310000364668667,-649,8/5k2/4r2p/1p2p1pn/pnp3K1/P4p2/R3P1PP/1r1b1BNR w - - 4 54
54,a2a1,LLAMA-CHESS,1120.9110999916447,-880,8/5k2/4r2p/1p2p1pn/pnp3K1/P4p2/4P1PP/Rr1b1BNR b - - 5 54
55,b4d5,RANDOM,0.07550000736955553,-466,8/5k2/4r2p/1p1np1pn/p1p3K1/P4p2/4P1PP/Rr1b1BNR w - - 6 55
55,a1a2,LLAMA-CHESS,1037.4623000097927,-943,8/5k2/4r2p/1p1np1pn/p1p3K1/P4p2/R3P1PP/1r1b1BNR b - - 7 55
56,b1b3,RANDOM,0.08100000559352338,-726,8/5k2/4r2p/1p1np1pn/p1p3K1/Pr3p2/R3P1PP/3b1BNR w - - 8 56
56,a2a1,LLAMA-CHESS,1021.6074000054505,-9996,8/5k2/4r2p/1p1np1pn/p1p3K1/Pr3p2/4P1PP/R2b1BNR b - - 9 56
57,d5b4,RANDOM,0.07939999341033399,-528,8/5k2/4r2p/1p2p1pn/pnp3K1/Pr3p2/4P1PP/R2b1BNR w - - 10 57
57,a1a2,LLAMA-CHESS,1038.4048000123585,-9988,8/5k2/4r2p/1p2p1pn/pnp3K1/Pr3p2/R3P1PP/3b1BNR b - - 11 57
58,e6e7,RANDOM,0.07559999357908964,-678,8/4rk2/7p/1p2p1pn/pnp3K1/Pr3p2/R3P1PP/3b1BNR w - - 12 58
58,a2a1,LLAMA-CHESS,1095.5382999964058,-9994,8/4rk2/7p/1p2p1pn/pnp3K1/Pr3p2/4P1PP/R2b1BNR b - - 13 58
59,b3c3,RANDOM,0.07900000491645187,-419,8/4rk2/7p/1p2p1pn/pnp3K1/P1r2p2/4P1PP/R2b1BNR w - - 14 59
59,a1a2,LLAMA-CHESS,1021.1993999982951,-9985,8/4rk2/7p/1p2p1pn/pnp3K1/P1r2p2/R3P1PP/3b1BNR b - - 15 59
60,e7a7,RANDOM,0.0768999889260158,-675,8/r4k2/7p/1p2p1pn/pnp3K1/P1r2p2/R3P1PP/3b1BNR w - - 16 60
60,a2a1,LLAMA-CHESS,1062.2328000026755,-1064,8/r4k2/7p/1p2p1pn/pnp3K1/P1r2p2/4P1PP/R2b1BNR b - - 17 60
61,c3b3,RANDOM,0.07589999586343765,-460,8/r4k2/7p/1p2p1pn/pnp3K1/Pr3p2/4P1PP/R2b1BNR w - - 18 61
61,a1a2,LLAMA-CHESS,1004.6438999997918,-1060,8/r4k2/7p/1p2p1pn/pnp3K1/Pr3p2/R3P1PP/3b1BNR b - - 19 61
62,h5g3,RANDOM,0.07769999501761049,-532,8/r4k2/7p/1p2p1p1/pnp3K1/Pr3pn1/R3P1PP/3b1BNR w - - 20 62
62,a2a1,LLAMA-CHESS,1022.3764999973355,-778,8/r4k2/7p/1p2p1p1/pnp3K1/Pr3pn1/4P1PP/R2b1BNR b - - 21 62
63,e5e4,RANDOM,0.08769999840296805,-467,8/r4k2/7p/1p4p1/pnp1p1K1/Pr3pn1/4P1PP/R2b1BNR w - - 0 63
63,a1a2,LLAMA-CHESS,1071.4295000070706,-877,8/r4k2/7p/1p4p1/pnp1p1K1/Pr3pn1/R3P1PP/3b1BNR b - - 1 63
64,f7f8,RANDOM,0.12909999350085855,-592,5k2/r7/7p/1p4p1/pnp1p1K1/Pr3pn1/R3P1PP/3b1BNR w - - 2 64
64,a2a1,LLAMA-CHESS,1046.619800006738,-797,5k2/r7/7p/1p4p1/pnp1p1K1/Pr3pn1/4P1PP/R2b1BNR b - - 3 64
65,e4e3,RANDOM,0.07429999823216349,-386,5k2/r7/7p/1p4p1/pnp3K1/Pr2ppn1/4P1PP/R2b1BNR w - - 0 65
65,a1a2,LLAMA-CHESS,1030.8506000001216,-831,5k2/r7/7p/1p4p1/pnp3K1/Pr2ppn1/R3P1PP/3b1BNR b - - 1 65
66,a7d7,RANDOM,0.07619999814778566,-635,5k2/3r4/7p/1p4p1/pnp3K1/Pr2ppn1/R3P1PP/3b1BNR w - - 2 66
66,a2a1,LLAMA-CHESS,1028.7506000022404,-799,5k2/3r4/7p/1p4p1/pnp3K1/Pr2ppn1/4P1PP/R2b1BNR b - - 3 66
67,h6h5,RANDOM,0.0855999969644472,-625,5k2/3r4/8/1p4pp/pnp3K1/Pr2ppn1/4P1PP/R2b1BNR w - - 0 67
67,g4h3,LLAMA-CHESS,1118.4318999876268,-912,5k2/3r4/8/1p4pp/pnp5/Pr2ppnK/4P1PP/R2b1BNR b - - 1 67
68,g3f5,RANDOM,0.07529999129474163,-791,5k2/3r4/8/1p3npp/pnp5/Pr2pp1K/4P1PP/R2b1BNR w - - 2 68
68,a1a2,LLAMA-CHESS,987.447899999097,-9999,5k2/3r4/8/1p3npp/pnp5/Pr2pp1K/R3P1PP/3b1BNR b - - 3 68
69,f5g7,RANDOM,0.08019999950192869,-723,5k2/3r2n1/8/1p4pp/pnp5/Pr2pp1K/R3P1PP/3b1BNR w - - 4 69
69,a2a1,LLAMA-CHESS,1009.473899990553,-850,5k2/3r2n1/8/1p4pp/pnp5/Pr2pp1K/4P1PP/R2b1BNR b - - 5 69
70,b4a2,RANDOM,0.06880000000819564,-709,5k2/3r2n1/8/1p4pp/p1p5/Pr2pp1K/n3P1PP/R2b1BNR w - - 6 70
70,a1a2,LLAMA-CHESS,1038.9248999999836,-742,5k2/3r2n1/8/1p4pp/p1p5/Pr2pp1K/R3P1PP/3b1BNR b - - 0 70
71,h5h4,RANDOM,0.06550000398419797,-569,5k2/3r2n1/8/1p4p1/p1p4p/Pr2pp1K/R3P1PP/3b1BNR w - - 0 71
71,a2a1,LLAMA-CHESS,1037.7353000076255,-653,5k2/3r2n1/8/1p4p1/p1p4p/Pr2pp1K/4P1PP/R2b1BNR b - - 1 71
72,b3d3,RANDOM,0.06760000542271882,-420,5k2/3r2n1/8/1p4p1/p1p4p/P2rpp1K/4P1PP/R2b1BNR w - - 2 72
72,a1a2,LLAMA-CHESS,971.871599991573,-653,5k2/3r2n1/8/1p4p1/p1p4p/P2rpp1K/R3P1PP/3b1BNR b - - 3 72
73,f8e7,RANDOM,0.0658999924780801,-363,8/3rk1n1/8/1p4p1/p1p4p/P2rpp1K/R3P1PP/3b1BNR w - - 4 73
73,a2a1,LLAMA-CHESS,995.1491999963764,-752,8/3rk1n1/8/1p4p1/p1p4p/P2rpp1K/4P1PP/R2b1BNR b - - 5 73
74,d3d2,RANDOM,0.07360000745393336,-537,8/3rk1n1/8/1p4p1/p1p4p/P3pp1K/3rP1PP/R2b1BNR w - - 6 74
74,a1a2,LLAMA-CHESS,979.1784999979427,-837,8/3rk1n1/8/1p4p1/p1p4p/P3pp1K/R2rP1PP/3b1BNR b - - 7 74
75,g7h5,RANDOM,0.07579999510198832,-753,8/3rk3/8/1p4pn/p1p4p/P3pp1K/R2rP1PP/3b1BNR w - - 8 75
75,a2a1,LLAMA-CHESS,1031.5760999947088,-787,8/3rk3/8/1p4pn/p1p4p/P3pp1K/3rP1PP/R2b1BNR b - - 9 75
76,d1e2,RANDOM,0.07059999916236848,-652,8/3rk3/8/1p4pn/p1p4p/P3pp1K/3rb1PP/R4BNR w - - 0 76
76,h3g4,LLAMA-CHESS,953.8589999865508,-1263,8/3rk3/8/1p4pn/p1p3Kp/P3pp2/3rb1PP/R4BNR b - - 1 76
77,d2c2,RANDOM,0.07270000060088933,-536,8/3rk3/8/1p4pn/p1p3Kp/P3pp2/2r1b1PP/R4BNR w - - 2 77
77,a1a2,LLAMA-CHESS,1012.6735000085318,-1127,8/3rk3/8/1p4pn/p1p3Kp/P3pp2/R1r1b1PP/5BNR b - - 3 77
78,d7c7,RANDOM,0.07350000669248402,-622,8/2r1k3/8/1p4pn/p1p3Kp/P3pp2/R1r1b1PP/5BNR w - - 4 78
78,a2a1,LLAMA-CHESS,988.9994999975897,-1175,8/2r1k3/8/1p4pn/p1p3Kp/P3pp2/2r1b1PP/R4BNR b - - 5 78
79,c2d2,RANDOM,0.07169999298639596,-568,8/2r1k3/8/1p4pn/p1p3Kp/P3pp2/3rb1PP/R4BNR w - - 6 79
79,a1a2,LLAMA-CHESS,1004.7855999873718,-1200,8/2r1k3/8/1p4pn/p1p3Kp/P3pp2/R2rb1PP/5BNR b - - 7 79
80,d2b2,RANDOM,0.07609999738633633,-602,8/2r1k3/8/1p4pn/p1p3Kp/P3pp2/Rr2b1PP/5BNR w - - 8 80
80,a2a1,LLAMA-CHESS,1011.7648000014015,-1088,8/2r1k3/8/1p4pn/p1p3Kp/P3pp2/1r2b1PP/R4BNR b - - 9 80
81,e7f8,RANDOM,0.07210001058410853,-525,5k2/2r5/8/1p4pn/p1p3Kp/P3pp2/1r2b1PP/R4BNR w - - 10 81
81,a1a2,LLAMA-CHESS,1062.0723000029102,-1077,5k2/2r5/8/1p4pn/p1p3Kp/P3pp2/Rr2b1PP/5BNR b - - 11 81
82,c7g7,RANDOM,0.07059999916236848,-646,5k2/6r1/8/1p4pn/p1p3Kp/P3pp2/Rr2b1PP/5BNR w - - 12 82
82,a2a1,LLAMA-CHESS,996.8082999985199,-1081,5k2/6r1/8/1p4pn/p1p3Kp/P3pp2/1r2b1PP/R4BNR b - - 13 82
83,g7f7,RANDOM,0.0644999963697046,-524,5k2/5r2/8/1p4pn/p1p3Kp/P3pp2/1r2b1PP/R4BNR w - - 14 83
83,a1a2,LLAMA-CHESS,1054.5386000012513,-1138,5k2/5r2/8/1p4pn/p1p3Kp/P3pp2/Rr2b1PP/5BNR b - - 15 83
84,h5f6,RANDOM,0.07409999670926481,-825,5k2/5r2/5n2/1p4p1/p1p3Kp/P3pp2/Rr2b1PP/5BNR w - - 16 84
84,g4h3,LLAMA-CHESS,953.2768000062788,-1019,5k2/5r2/5n2/1p4p1/p1p4p/P3pp1K/Rr2b1PP/5BNR b - - 17 84
85,c4c3,RANDOM,0.06910000229254365,-782,5k2/5r2/5n2/1p4p1/p6p/P1p1pp1K/Rr2b1PP/5BNR w - - 0 85
85,a2a1,LLAMA-CHESS,945.8256000070833,-1045,5k2/5r2/5n2/1p4p1/p6p/P1p1pp1K/1r2b1PP/R4BNR b - - 1 85
86,f7e7,RANDOM,0.06679999933112413,-694,5k2/4r3/5n2/1p4p1/p6p/P1p1pp1K/1r2b1PP/R4BNR w - - 2 86
86,a1a2,LLAMA-CHESS,995.7732000038959,-9998,5k2/4r3/5n2/1p4p1/p6p/P1p1pp1K/Rr2b1PP/5BNR b - - 3 86
87,e2d1,RANDOM,0.07100000220816582,-875,5k2/4r3/5n2/1p4p1/p6p/P1p1pp1K/Rr4PP/3b1BNR w - - 4 87
87,a2a1,LLAMA-CHESS,912.4163999949815,-9996,5k2/4r3/5n2/1p4p1/p6p/P1p1pp1K/1r4PP/R2b1BNR b - - 5 87
88,e7e8,RANDOM,0.072900002123788,-693,4rk2/8/5n2/1p4p1/p6p/P1p1pp1K/1r4PP/R2b1BNR w - - 6 88
88,a1a2,LLAMA-CHESS,1029.5189000025857,-9996,4rk2/8/5n2/1p4p1/p6p/P1p1pp1K/Rr4PP/3b1BNR b - - 7 88
89,e8c8,RANDOM,0.07599999662488699,-802,2r2k2/8/5n2/1p4p1/p6p/P1p1pp1K/Rr4PP/3b1BNR w - - 8 89
89,a2a1,LLAMA-CHESS,972.5959999923361,-9996,2r2k2/8/5n2/1p4p1/p6p/P1p1pp1K/1r4PP/R2b1BNR b - - 9 89
90,f8f7,RANDOM,0.07409999670926481,-762,2r5/5k2/5n2/1p4p1/p6p/P1p1pp1K/1r4PP/R2b1BNR w - - 10 90
90,a1a2,LLAMA-CHESS,1071.681699992041,-9996,2r5/5k2/5n2/1p4p1/p6p/P1p1pp1K/Rr4PP/3b1BNR b - - 11 90
91,f6g8,RANDOM,0.09009998757392168,-711,2r3n1/5k2/8/1p4p1/p6p/P1p1pp1K/Rr4PP/3b1BNR w - - 12 91
91,a2a1,LLAMA-CHESS,1064.0392000059364,-722,2r3n1/5k2/8/1p4p1/p6p/P1p1pp1K/1r4PP/R2b1BNR b - - 13 91
92,b2c2,RANDOM,0.07790001109242439,-559,2r3n1/5k2/8/1p4p1/p6p/P1p1pp1K/2r3PP/R2b1BNR w - - 14 92
92,a1a2,LLAMA-CHESS,1111.8756999931065,-874,2r3n1/5k2/8/1p4p1/p6p/P1p1pp1K/R1r3PP/3b1BNR b - - 15 92
93,c8a8,RANDOM,0.07679998816456646,-472,r5n1/5k2/8/1p4p1/p6p/P1p1pp1K/R1r3PP/3b1BNR w - - 16 93
93,a2a1,LLAMA-CHESS,1047.338899996248,-729,r5n1/5k2/8/1p4p1/p6p/P1p1pp1K/2r3PP/R2b1BNR b - - 17 93
94,a8b8,RANDOM,0.07650000043213367,-578,1r4n1/5k2/8/1p4p1/p6p/P1p1pp1K/2r3PP/R2b1BNR w - - 18 94
94,a1a2,LLAMA-CHESS,1130.0766999920597,-886,1r4n1/5k2/8/1p4p1/p6p/P1p1pp1K/R1r3PP/3b1BNR b - - 19 94
95,e3e2,RANDOM,0.07149999146349728,-770,1r4n1/5k2/8/1p4p1/p6p/P1p2p1K/R1r1p1PP/3b1BNR w - - 0 95
95,a2a1,LLAMA-CHESS,954.4307000032859,-9996,1r4n1/5k2/8/1p4p1/p6p/P1p2p1K/2r1p1PP/R2b1BNR b - - 1 95
96,f3f2,RANDOM,0.07569999434053898,-787,1r4n1/5k2/8/1p4p1/p6p/P1p4K/2r1ppPP/R2b1BNR w - - 0 96
96,a1a2,LLAMA-CHESS,980.933200000436,-9995,1r4n1/5k2/8/1p4p1/p6p/P1p4K/R1r1ppPP/3b1BNR b - - 1 96
97,e2f1n,RANDOM,0.0754999928176403,-887,1r4n1/5k2/8/1p4p1/p6p/P1p4K/R1r2pPP/3b1nNR w - - 0 97
97,a2a1,LLAMA-CHESS,971.2967000086792,-9994,1r4n1/5k2/8/1p4p1/p6p/P1p4K/2r2pPP/R2b1nNR b - - 1 97
98,f7f6,RANDOM,0.076299998909235,-851,1r4n1/8/5k2/1p4p1/p6p/P1p4K/2r2pPP/R2b1nNR w - - 2 98
98,a1a2,LLAMA-CHESS,938.5315999970771,-9992,1r4n1/8/5k2/1p4p1/p6p/P1p4K/R1r2pPP/3b1nNR b - - 3 98
99,f2g1q,RANDOM,0.07399999594781548,-1023,1r4n1/8/5k2/1p4p1/p6p/P1p4K/R1r3PP/3b1nqR w - - 0 99
99,a2a1,LLAMA-CHESS,921.5172999975039,-9999,1r4n1/8/5k2/1p4p1/p6p/P1p4K/2r3PP/R2b1nqR b - - 1 99
100,g8h6,RANDOM,0.08600000001024455,-9999,1r6/8/5k1n/1p4p1/p6p/P1p4K/2r3PP/R2b1nqR w - - 2 100
100,a1a2,LLAMA-CHESS,1010.2416000008816,-9999,1r6/8/5k1n/1p4p1/p6p/P1p4K/R1r3PP/3b1nqR b - - 3 100
101,c2d2,RANDOM,0.08959999831859022,-9999,1r6/8/5k1n/1p4p1/p6p/P1p4K/R2r2PP/3b1nqR w - - 4 101
